Step,Frame,ElementLabel,Stress
bending,232,53247,3.6793131828308105
loading_300N,9,53247,3.5549476146698
subrotation,6,53247,3.4992496967315674
rotation,23,142710,6.545848369598389
